Unnamed: 0,label,distance_type,algorithm,precision,radius_min,silhouette_mean,silhouette_max,rand_index_mean,rand_index_max,exec_time_mean
0,hepatitis_c_virus_hcv_for_egyptian_patients,euclidean,Busca Binaria 1,2.0808697343267055,5.987061867628619,0.11535616718405946,0.15742312412902387,0.03449507361939303,0.06228804823673249,0.023006242548794947
1,hepatitis_c_virus_hcv_for_egyptian_patients,euclidean,Busca Binaria 1,19.68167819999706,5.72626181768954,0.1341022397042851,0.1879992443855648,0.03821227008806596,0.05491355455836766,0.35573602173687247
2,hepatitis_c_virus_hcv_for_egyptian_patients,euclidean,Busca Binaria 1,3.019020440013926,6.07279771285692,0.12401006705035937,0.17075195225240053,0.03542588511421756,0.04744465972637,0.06661747565857984
3,hepatitis_c_virus_hcv_for_egyptian_patients,euclidean,Busca Binaria 1,3.878005910956169,5.610206118109349,0.1264003453747409,0.185284464306639,0.03663693565891374,0.04661040336584283,0.04438471340886398
4,hepatitis_c_virus_hcv_for_egyptian_patients,euclidean,Busca Binaria 1,4.882565918251532,5.6929472140855655,0.1285077024421506,0.1828885231077741,0.03410712601546769,0.052827564799779195,0.057960050908970356
5,hepatitis_c_virus_hcv_for_egyptian_patients,euclidean,Busca Binaria 1,6.036152479084308,5.497094915075627,0.14077623688602073,0.17043509112368926,0.03463688007715064,0.052018116324630985,0.10566588774536557
6,hepatitis_c_virus_hcv_for_egyptian_patients,euclidean,Busca Binaria 2,2.0626545787231727,5.9022698025340805,0.17026008030104253,0.17199100063760167,0.039050173358256605,0.03955973100141599,0.6706079646086086
7,hepatitis_c_virus_hcv_for_egyptian_patients,euclidean,Busca Binaria 2,19.486107943005408,5.757795922688898,0.13060900628344885,0.1325695869408302,0.04281966739380736,0.04329572437074218,1.015664028102693
8,hepatitis_c_virus_hcv_for_egyptian_patients,euclidean,Busca Binaria 2,2.9645799204458037,5.685765245511846,0.09562599834741314,0.09835468092477827,0.04325293255226624,0.040651630049794316,0.6779026618813659
9,hepatitis_c_virus_hcv_for_egyptian_patients,euclidean,Busca Binaria 2,4.153476528177392,5.786511222673776,0.10779515391646084,0.11022414590662818,0.019368179947011576,0.019602583986786746,0.7536468521246341
10,hepatitis_c_virus_hcv_for_egyptian_patients,euclidean,Busca Binaria 2,4.979453547427029,5.698904437592063,0.139047262109233,0.1345423419305693,0.036789355916872574,0.03767477587380367,0.7529160905918619
11,hepatitis_c_virus_hcv_for_egyptian_patients,euclidean,Busca Binaria 2,5.942449961837178,5.7883623760490615,0.11364781973313376,0.12335051593396505,0.032734965556745856,0.03249425378350232,0.7558151559545836
12,hepatitis_c_virus_hcv_for_egyptian_patients,manhattan,Busca Binaria 1,1.9883823263217173,16.203696546856357,0.19683126991437452,0.28880235645344093,0.02767944248527577,0.044302186287175395,0.0036365547410557634
13,hepatitis_c_virus_hcv_for_egyptian_patients,manhattan,Busca Binaria 1,20.985296557981464,16.556906476296305,0.22991965993480304,0.29440186483270797,0.02833398726266054,0.03788377247170613,0.024223521760943285
14,hepatitis_c_virus_hcv_for_egyptian_patients,manhattan,Busca Binaria 1,2.8627752425699833,15.957361490410843,0.22158011927752408,0.30147921479529505,0.028710193370353423,0.0477096596049068,0.004472274938562728
15,hepatitis_c_virus_hcv_for_egyptian_patients,manhattan,Busca Binaria 1,4.154191910864987,17.436511843139375,0.23000873270887365,0.3261522546413697,0.02465119480361384,0.03449983763020446,0.006266548248342658
16,hepatitis_c_virus_hcv_for_egyptian_patients,manhattan,Busca Binaria 1,5.109992594475258,17.672336849217356,0.2311580966649151,0.3317614046747704,0.028208262465231268,0.043261039056438036,0.007406124456713811
17,hepatitis_c_virus_hcv_for_egyptian_patients,manhattan,Busca Binaria 1,6.076520861671836,16.06037545390749,0.2264895816991077,0.29495304632779823,0.028145575096995116,0.0404149526678817,0.007751412246068807
18,hepatitis_c_virus_hcv_for_egyptian_patients,manhattan,Busca Binaria 2,2.020766441673765,21.097378270155993,0.16560369203143988,0.16299201779876252,0.03620136334577277,0.03679619135847869,0.06997587780842154
19,hepatitis_c_virus_hcv_for_egyptian_patients,manhattan,Busca Binaria 2,19.74059570313073,16.95376820220655,0.24459010840446946,0.25114950968538247,0.024925394058448073,0.02574638193696338,0.5741283872755674
20,hepatitis_c_virus_hcv_for_egyptian_patients,manhattan,Busca Binaria 2,3.017155735279164,19.06292957232414,0.23094964775232002,0.2161157589110067,0.024328825203713947,0.0234166043631666,0.07779850106663831
21,hepatitis_c_virus_hcv_for_egyptian_patients,manhattan,Busca Binaria 2,3.8083089503286747,17.48781239401362,0.27559352492593797,0.27611363790534027,0.030923052060600763,0.029904985891244337,0.08669132103608701
22,hepatitis_c_virus_hcv_for_egyptian_patients,manhattan,Busca Binaria 2,4.938786111629087,16.964423806828762,0.24989358501935074,0.26384334961299066,0.026890101566488748,0.026522596411720986,0.16776483763874733
23,hepatitis_c_virus_hcv_for_egyptian_patients,manhattan,Busca Binaria 2,6.276151342857469,17.758381952794885,0.21805240405815712,0.21915901177942942,0.024304251779644976,0.024303792933688808,0.08363272124665228
24,ozone_level_detection,euclidean,Busca Binaria 1,2.008913331657279,7.746483813631544,0.682924279705158,0.7544774777581167,0.026868330566590517,0.07181100645727091,0.01328396414194862
25,ozone_level_detection,euclidean,Busca Binaria 1,19.464646200109442,7.065429899017417,0.7075433216368935,0.7433555867696814,0.031382805089134456,0.06267451339317902,0.09294211134566113
26,ozone_level_detection,euclidean,Busca Binaria 1,2.931980471183867,7.286156327186436,0.6737417853455944,0.7722225511938362,0.026263331530580646,0.06229892345069408,0.018520620885345906
27,ozone_level_detection,euclidean,Busca Binaria 1,3.960918724759536,7.600678765605416,0.6756809564308702,0.7169200935120622,0.03431120598699308,0.07810861727952069,0.024701558852098696
28,ozone_level_detection,euclidean,Busca Binaria 1,4.7894545961309705,6.896328584221008,0.7325258023817696,0.7581109584625817,0.029975073064428197,0.06609943392347423,0.031645043899665
29,ozone_level_detection,euclidean,Busca Binaria 1,6.2810194867019,7.157151232819191,0.6584732972586415,0.7221416833372852,0.0344275907602039,0.06172616345682155,0.03482921574577167
30,ozone_level_detection,euclidean,Busca Binaria 2,2.097219365856616,7.654376379459898,0.6984277441257969,0.6695645426757147,0.028067231051692475,0.030211442381168088,0.32441629098885844
31,ozone_level_detection,euclidean,Busca Binaria 2,19.19859386006075,6.60719987627504,0.6393065404481135,0.6126848812776945,0.062480528099150355,0.06343291093755962,0.6000154862864445
32,ozone_level_detection,euclidean,Busca Binaria 2,2.8712814232280666,7.567709784101841,0.7107695309526513,0.7161072253323322,0.031574885247326594,0.033400460671430564,0.3380083052324547
33,ozone_level_detection,euclidean,Busca Binaria 2,3.8670561540745667,6.724893070645779,0.6822090142580041,0.673744256118092,0.02641122197396441,0.0269687549344582,0.4601959816966443
34,ozone_level_detection,euclidean,Busca Binaria 2,4.750300142832464,6.418823811195628,0.7566455387472257,0.7566738825003538,0.03410671052481705,0.034547408818219154,0.56982993844312
35,ozone_level_detection,euclidean,Busca Binaria 2,5.927344247959833,6.722508400476912,0.5642442130274075,0.5319086870795409,-0.012047530908290695,-0.012381725087394569,0.5936848781340254
36,ozone_level_detection,manhattan,Busca Binaria 1,1.9942388935138107,9.522467193247005,0.6463020602315143,0.7480985093575716,0.03513446832950742,0.06777572110919847,0.0006214952377870194
37,ozone_level_detection,manhattan,Busca Binaria 1,20.31979393231879,9.440529749142181,0.6860036185805993,0.7341066353640974,0.04494173583352497,0.08342659548917482,0.003929390772638612
38,ozone_level_detection,manhattan,Busca Binaria 1,3.0946138557046026,9.58572149909868,0.6652388580341562,0.7197509129701571,0.041021057802777997,0.07746262527311684,0.0007580244838909937
39,ozone_level_detection,manhattan,Busca Binaria 1,3.9544272566991383,10.451286178053817,0.6957741225946117,0.720575751202851,0.03486111207254004,0.06708173117687724,0.0010719388783353085
40,ozone_level_detection,manhattan,Busca Binaria 1,4.802527038493497,9.437135503871998,0.6460195396550394,0.7532843753870776,0.046210229048115156,0.07506594554372838,0.0012322890951953522
41,ozone_level_detection,manhattan,Busca Binaria 1,6.236184521763386,9.199756779491699,0.6830997757561983,0.7677474010182965,0.04427707094146146,0.0714044325187606,0.0013974006561497877
42,ozone_level_detection,manhattan,Busca Binaria 2,1.9199969030045592,10.500364106106794,0.652069066252436,0.6316166993789329,0.07081583981374133,0.06786529921208394,0.006685719693247246
43,ozone_level_detection,manhattan,Busca Binaria 2,19.299349827172307,9.83677342844881,0.6527343857799169,0.6587049241824219,0.061520456350157834,0.059997472415583675,0.05709131512718481
44,ozone_level_detection,manhattan,Busca Binaria 2,2.8848710231828,9.721692931738927,0.5892599822791924,0.5632038893022785,0.06565461443446835,0.06628124768992935,0.01165647034146855
45,ozone_level_detection,manhattan,Busca Binaria 2,3.9078338457270494,10.366240151250189,0.7556767472287899,0.7306875447176288,0.03570702840554621,0.0369066394166354,0.01795190760712328
46,ozone_level_detection,manhattan,Busca Binaria 2,5.217604569347244,8.834469977454848,0.630752398110868,0.6333677814991002,0.0625213555054338,0.06443828591733601,0.018148786277648408
47,ozone_level_detection,manhattan,Busca Binaria 2,6.080500214557108,9.326040289447366,0.6266584148308818,0.6267900182278737,0.0672436650980552,0.0629548756992225,0.027055204355600937
48,statlog_image_segmentation,euclidean,Busca Binaria 1,1.9925323115711133,7.808147378505943,0.5074608212488493,0.5598428383068393,0.38334477466241523,0.8662072584039263,0.007753259434655692
49,statlog_image_segmentation,euclidean,Busca Binaria 1,19.666353411538417,5.784505857212072,0.5597200593665416,0.5740682955416507,0.4514388117634212,0.8510327614661128,0.09362868615101846
50,statlog_image_segmentation,euclidean,Busca Binaria 1,3.0046258625587283,6.305546472904717,0.511771300720572,0.5581341088769669,0.426144809325975,0.7168045015067384,0.017010724526872995
51,statlog_image_segmentation,euclidean,Busca Binaria 1,4.093539531398222,5.7285168229628205,0.5057897516552035,0.5922356611211191,0.38040424242798476,0.824399570893979,0.022340041642561856
52,statlog_image_segmentation,euclidean,Busca Binaria 1,5.236727359524329,6.005403913048155,0.5400025921458466,0.5607287005104522,0.4327465258059916,0.8138712509249018,0.028483967802605814
53,statlog_image_segmentation,euclidean,Busca Binaria 1,5.95703653549958,6.47241696554461,0.5367026449217037,0.5800259649020562,0.4265661824432413,0.8964356276535375,0.02962362452945106
54,statlog_image_segmentation,euclidean,Busca Binaria 2,1.9119671010192552,7.439664909344087,0.555198617871054,0.5568007475725059,0.4541257279477675,0.47060292381973545,0.14237687247865052
55,statlog_image_segmentation,euclidean,Busca Binaria 2,20.21304653863165,5.826968582637859,0.505756242643297,0.5056306288475929,0.2496160746879991,0.2596000440022957,0.6821711276867679
56,statlog_image_segmentation,euclidean,Busca Binaria 2,2.966734767865533,6.447598936077129,0.5339122912180587,0.5379442450848371,0.05004190056278971,0.05313050590559748,0.15040297506588024
57,statlog_image_segmentation,euclidean,Busca Binaria 2,4.155702974964269,6.147706407300296,0.5283598909671147,0.5502186514386099,0.5745272191128312,0.5259871547354398,0.29602935378938144
58,statlog_image_segmentation,euclidean,Busca Binaria 2,5.012353147779338,5.722390572286142,0.5616943990352837,0.5794358770708976,0.7581023611500701,0.7733582963181299,0.38207981968772453
59,statlog_image_segmentation,euclidean,Busca Binaria 2,6.162648507453744,5.911310908197343,0.53477198323092,0.5257681598675998,0.5278984933171698,0.5175489496020753,0.4438592471433462
60,statlog_image_segmentation,manhattan,Busca Binaria 1,2.091639261238266,13.843159733458029,0.567503714161358,0.5072852881440872,0.42356065995765274,0.8051277971214709,0.00041569965913628365
61,statlog_image_segmentation,manhattan,Busca Binaria 1,19.744448467694568,13.761148705889092,0.579231939942285,0.6345196721986961,0.547512490462478,0.7652783687727379,0.0038896637265677845
62,statlog_image_segmentation,manhattan,Busca Binaria 1,2.9857968651414972,14.954079382262867,0.5992371445441049,0.6144486107680862,0.3954531318141697,0.8012522395357392,0.000605223744911554
63,statlog_image_segmentation,manhattan,Busca Binaria 1,4.187367214382201,14.024940182352797,0.6058898521173098,0.6163976743183603,0.5108997595344621,0.8844442291294872,0.0008755941591819115
64,statlog_image_segmentation,manhattan,Busca Binaria 1,4.854217686836241,14.84815319477283,0.6130670134038804,0.6630890066655514,0.5323073136233787,0.7789725961314787,0.0011131588365333345
65,statlog_image_segmentation,manhattan,Busca Binaria 1,6.138289182149875,14.056908788129757,0.6398404657009641,0.63792703758688,0.590863543640453,0.8492563608787271,0.0013048653279513736
66,statlog_image_segmentation,manhattan,Busca Binaria 2,1.92541923099349,13.937384103969228,0.5188536698461683,0.5614958935062578,0.2819563098171735,0.2909248790614746,0.01242883036093412
67,statlog_image_segmentation,manhattan,Busca Binaria 2,20.611081903930945,13.737845556225718,0.523610067661627,0.5310973096757389,0.677437867469683,0.703377449001791,0.12258230209996919
68,statlog_image_segmentation,manhattan,Busca Binaria 2,2.9168026067902284,14.225736811820946,0.600604182528627,0.6234125406057268,0.45161625582916587,0.4499993895591112,0.0217768649135451
69,statlog_image_segmentation,manhattan,Busca Binaria 2,4.0273671421272565,13.499591178359127,0.5478629005933846,0.576405815979492,0.24147959122368423,0.2303038511155455,0.017992485082346847
70,statlog_image_segmentation,manhattan,Busca Binaria 2,5.119949327084608,13.686922305042971,0.5291596640677675,0.5328966953250848,0.14930225632268662,0.15412098144984981,0.022927526777558906
71,statlog_image_segmentation,manhattan,Busca Binaria 2,5.973055429751078,12.802785819834613,0.6518333016938436,0.6386077676801101,0.6389590597784752,0.6536799384691275,0.029525872917299585
72,website_phishing,euclidean,Busca Binaria 1,2.041875435261671,7.639470600051438,0.8763586184500993,0.9343070390814733,0.00033986519261634243,0.00034029149394491703,0.028223665098003146
73,website_phishing,euclidean,Busca Binaria 1,20.848874477853975,6.259113732067277,0.8891677561853545,0.9504187005333364,0.0003370026667554743,0.0003468036899999936,0.1763409393181096
74,website_phishing,euclidean,Busca Binaria 1,2.9652030320569787,7.368660232094553,0.8901160013288077,0.9022430568727343,0.000336110750529173,0.00033427608604028915,0.03936428117642686
75,website_phishing,euclidean,Busca Binaria 1,4.058330628063698,6.092161502777161,0.89239288196259,0.9104393102631269,0.0003472019282806479,0.00034839620752360464,0.04264334408999863
76,website_phishing,euclidean,Busca Binaria 1,4.759786384896306,6.285759896044691,0.8850258445595195,0.8960320532768163,0.0003484874452241496,0.00034730372782651014,0.05188326283090044
77,website_phishing,euclidean,Busca Binaria 1,5.796590359280139,5.986422909683957,0.8724620420680755,0.9168358201815819,0.00032146880963648605,0.00033563918488516164,0.06766360769571624
78,website_phishing,euclidean,Busca Binaria 2,1.9077117372989119,7.658535419729564,0.9270889287592021,0.9190462673133267,0.0003183401944027723,0.00033833588597812744,0.19159104791799642
79,website_phishing,euclidean,Busca Binaria 2,19.119529324055893,6.015776666292516,0.8925549083846918,0.937252508224301,0.00033870789972949874,0.0003335413158379352,0.700326155624977
80,website_phishing,euclidean,Busca Binaria 2,2.9051705102755623,6.069364095045912,0.8792312200123049,0.9485745941871092,0.00031623233801466173,0.0003388640379643262,0.2674822290144286
81,website_phishing,euclidean,Busca Binaria 2,4.187249636135583,6.451703558449119,0.8807127081035451,0.9423661028369732,0.000348404893805515,0.00031725408558056677,0.40601520044313477
82,website_phishing,euclidean,Busca Binaria 2,4.840176235042849,6.244704624231072,0.8691644651396222,0.8978971913971003,0.00033323019505716666,0.0003286169378430593,0.4114849398878633
83,website_phishing,euclidean,Busca Binaria 2,5.8247327881219855,6.3114743561335525,0.8782241960705406,0.8635074556199069,0.00032785967519110464,0.00031827746285270874,0.48210832589535135
84,website_phishing,manhattan,Busca Binaria 1,1.9200246705163295,10.008869586546163,0.8382145558847525,0.8283212289738661,0.0003408012116459272,0.00033457400645743254,0.0013455663858715926
85,website_phishing,manhattan,Busca Binaria 1,20.88190291860721,10.117181231486528,0.8762928049480246,0.8726191911414681,0.00031997900698918453,0.0003336229150707875,0.008083444052677913
86,website_phishing,manhattan,Busca Binaria 1,2.978028837274912,9.56509966079158,0.8647112942928012,0.8998880127015231,0.00031843470843826723,0.000316917592669542,0.001702376999966174
87,website_phishing,manhattan,Busca Binaria 1,4.197710796725484,9.859470283344164,0.8991457631112457,0.8592096967431223,0.0003168132955946435,0.00033617785116078894,0.001962856950579354
88,website_phishing,manhattan,Busca Binaria 1,5.150160513861372,9.631405671790228,0.8491974300769697,0.8878310589977421,0.0003205925340728113,0.00034053279676492617,0.002312703548907146
89,website_phishing,manhattan,Busca Binaria 1,5.741781065131349,10.312466345879674,0.9048626572408176,0.8378950600696594,0.0003260472700027162,0.00032303442376360806,0.002801140419683646
90,website_phishing,manhattan,Busca Binaria 2,2.0428438173982513,15.6109817506372,0.8877288451470249,0.8914057017856931,0.00033247551500706753,0.0003420023599863617,0.010012378442448212
91,website_phishing,manhattan,Busca Binaria 2,20.60609581469848,9.69216189481287,0.8325611578972609,0.8377415121116903,0.0003460749318208847,0.0003187849636657667,0.12750218067121832
92,website_phishing,manhattan,Busca Binaria 2,2.8508162855137544,10.1639515606387,0.8825714458790409,0.8738459773963753,0.000326319082830091,0.0003473089449947833,0.01919487952169829
93,website_phishing,manhattan,Busca Binaria 2,4.115871518057967,12.714094340503529,0.9049473039674972,0.8537697214618614,0.0003228449231914356,0.0003206255651735722,0.008429867617738573
94,website_phishing,manhattan,Busca Binaria 2,4.878091272420128,11.333915108298942,0.8922348361418296,0.8691664509640443,0.0003220227582107368,0.0003285947410723545,0.01134218802267349
95,website_phishing,manhattan,Busca Binaria 2,6.277323267241668,10.084639454523236,0.8854325363424518,0.9001764251528558,0.00031571212772574063,0.0003194409619235222,0.035984709525366275
96,myocardial_infarction_complications,euclidean,Busca Binaria 1,2.065396382615952,5.789636819275251,0.2607227080857247,0.360455776808796,0.09398261296655164,0.2282213979464139,0.023994126055649857
97,myocardial_infarction_complications,euclidean,Busca Binaria 1,20.92898186325464,4.636196868227586,0.26822695260263,0.3662396336134374,0.062025804314229806,0.19019252749041168,0.19512955373489127
98,myocardial_infarction_complications,euclidean,Busca Binaria 1,2.930188911442579,5.602729490633287,0.26641995054799467,0.3656943906419262,0.06564206556563454,0.1698816272298335,0.028027598229506092
99,myocardial_infarction_complications,euclidean,Busca Binaria 1,4.079342550166443,5.084761246045688,0.25772048411652604,0.5342025907901873,0.048346736690749334,0.1440693157351055,0.03922678198331064
100,myocardial_infarction_complications,euclidean,Busca Binaria 1,4.75116580631121,5.11753052838024,0.25332628367483984,0.34398268510442487,0.04881129545989208,0.20346124543007574,0.05527767141267112
101,myocardial_infarction_complications,euclidean,Busca Binaria 1,5.783251184812152,4.839801340927211,0.2776048631114006,0.35154684397010816,0.07566837130555638,0.19874349625668022,0.05991654422627001
102,myocardial_infarction_complications,euclidean,Busca Binaria 2,2.0237125290353477,5.653057947476648,0.24344320356469765,0.24128700431175312,0.12291082583629016,0.13223462297558836,0.5502661143315007
103,myocardial_infarction_complications,euclidean,Busca Binaria 2,20.370597349457277,4.429319438093915,0.2748166307390697,0.28100171410061037,0.0015115959016446796,0.0014647440740777277,0.7025211742721627
104,myocardial_infarction_complications,euclidean,Busca Binaria 2,2.850606932993635,5.845795065244122,0.11473571434768091,0.125263838392396,0.049731926401551586,0.05023439032769377,0.554943652418304
105,myocardial_infarction_complications,euclidean,Busca Binaria 2,3.9394798370513944,4.846279663026299,0.2562715061261397,0.2687402426010725,0.008704601011587527,0.009077723507332021,0.5095439700471209
106,myocardial_infarction_complications,euclidean,Busca Binaria 2,4.866553714081538,4.652187715345363,0.3121881209328357,0.3214053408716364,0.11042445827018303,0.10662770843624539,0.5976006578449603
107,myocardial_infarction_complications,euclidean,Busca Binaria 2,6.065104375556748,4.4942913160069065,0.3339954690014068,0.33910562023677854,0.13147297496054217,0.13319184240490564,0.5750805663638684
108,myocardial_infarction_complications,manhattan,Busca Binaria 1,1.9267903140553424,9.869858351249855,0.2594005260679353,0.3998742356296421,0.06775890961369134,0.19001432634310866,0.0011220614052565403
109,myocardial_infarction_complications,manhattan,Busca Binaria 1,20.198413642221105,8.655207743638881,0.29711078267626173,0.3369962818139155,0.0776964962457399,0.17561785957192913,0.007357529519628819
110,myocardial_infarction_complications,manhattan,Busca Binaria 1,2.8534900941129457,8.627006039184293,0.2909364638092334,0.3707844284092317,0.09811881339813178,0.19628769305552551,0.0014600663552340645
111,myocardial_infarction_complications,manhattan,Busca Binaria 1,3.9038206742057358,9.230288301862757,0.28601043931575176,0.3781905385336896,0.07674603458567665,0.1970762235225048,0.0016370927331904545
112,myocardial_infarction_complications,manhattan,Busca Binaria 1,5.0486908083055475,8.284475538165037,0.29907016025867955,0.3794110807738712,0.0791779382990973,0.19170141198827004,0.0020902909984262075
113,myocardial_infarction_complications,manhattan,Busca Binaria 1,5.796175003153152,8.129278163790044,0.30525248542813144,0.3890384256062752,0.06636256866294814,0.19934616534067087,0.0024367527168404055
114,myocardial_infarction_complications,manhattan,Busca Binaria 2,2.018959433308229,9.613566587900717,0.2804164691762079,0.28042227783186785,0.11097199187345955,0.11662452493955658,0.029387300804841993
115,myocardial_infarction_complications,manhattan,Busca Binaria 2,20.435057314703226,8.533098336869644,0.255923479222638,0.26073820722465774,0.0972956803289405,0.09699834772098866,0.12575722114037846
116,myocardial_infarction_complications,manhattan,Busca Binaria 2,3.007482106434126,8.101790521415868,0.33114206394431156,0.33888112395642417,-0.004747924613528096,-0.00445019859124965,0.02258706858295556
117,myocardial_infarction_complications,manhattan,Busca Binaria 2,3.8589541249406274,8.697389970808233,0.30620211115488927,0.2977133826820515,0.11089109348692784,0.10765815370152855,0.03413344467284245
118,myocardial_infarction_complications,manhattan,Busca Binaria 2,4.801879694326117,8.43271393389967,0.2592184064456354,0.26925454943618465,0.04622825643677757,0.04896819826352348,0.0434752427304434
119,myocardial_infarction_complications,manhattan,Busca Binaria 2,6.1267530823974905,8.411379744490874,0.3293840013251622,0.32799996646531887,-0.004502741251567369,-0.004675589829916485,0.04289280601167242
120,statlog_vehicle_silhouettes,euclidean,Busca Binaria 1,1.9025195321394381,7.5146732134801,0.4037384076071178,0.5447392709044019,0.09516884616338152,0.3829135921408665,0.010152597453624927
121,statlog_vehicle_silhouettes,euclidean,Busca Binaria 1,19.777481332647945,6.984259641533575,0.46288269823884504,0.5948385041382784,0.06729806748974126,0.28257473791660964,0.1336871728203819
122,statlog_vehicle_silhouettes,euclidean,Busca Binaria 1,2.9722939549062124,7.172253543610715,0.5162042279878013,0.6253329168747446,0.11245572512680027,0.5050874264695744,0.026748925935794348
123,statlog_vehicle_silhouettes,euclidean,Busca Binaria 1,4.199320870652926,7.126553493105451,0.48376019691898925,0.6137606524394692,0.10907223356246137,0.5329880872409214,0.031563584102106815
124,statlog_vehicle_silhouettes,euclidean,Busca Binaria 1,5.007879302940491,6.8173511116102095,0.5254330092977623,0.5975401305981372,0.06801838608763386,0.389392799388871,0.03447714506762576
125,statlog_vehicle_silhouettes,euclidean,Busca Binaria 1,5.890444734236782,6.2296881594464,0.48812394184941443,0.6488752955352155,0.13560218029520496,0.43808112203126093,0.041271090153803855
126,statlog_vehicle_silhouettes,euclidean,Busca Binaria 2,2.071155170448267,7.3027174976495575,0.43237289164868126,0.4105942261819652,0.40679815952265636,0.3746696292866668,0.34277139962562314
127,statlog_vehicle_silhouettes,euclidean,Busca Binaria 2,19.571777866721533,6.690524654662266,0.6185196046682749,0.6295105161142239,-9.858369771513005e-06,-9.863171123680405e-06,0.699485731559132
128,statlog_vehicle_silhouettes,euclidean,Busca Binaria 2,3.112836648052475,6.425731462034806,0.4826547668936581,0.492421380932607,0.11415883154735257,0.11113296279645987,0.5871042824617235
129,statlog_vehicle_silhouettes,euclidean,Busca Binaria 2,3.9677992818622614,7.140069124998214,0.6221924538340254,0.6073197756982428,-9.398069462102634e-06,-9.603390973585056e-06,0.5964139964559775
130,statlog_vehicle_silhouettes,euclidean,Busca Binaria 2,5.199580615810547,7.280475905332335,0.6297615681157496,0.584393427251768,9.916554092255903e-06,9.944543315524696e-06,0.6609937185075537
131,statlog_vehicle_silhouettes,euclidean,Busca Binaria 2,5.756646304850719,6.467726220466157,0.4593541019279489,0.4713085306227414,0.18998401731384457,0.1862738323231352,0.6912582087816502
132,statlog_vehicle_silhouettes,manhattan,Busca Binaria 1,1.9289633806368243,14.111164060269758,0.5456871935310456,0.588587538173696,0.04025330203841004,0.2548919152064154,0.000765994241578612
133,statlog_vehicle_silhouettes,manhattan,Busca Binaria 1,19.946622593906177,14.522221174547036,0.5040411592317231,0.6184048694248964,0.1149502634320313,0.49611686037250075,0.005010761927665755
134,statlog_vehicle_silhouettes,manhattan,Busca Binaria 1,2.8901227300542423,14.737392667351468,0.49340737119168737,0.56066908619617,0.10991460970385755,0.4402775710402461,0.0011043435847224378
135,statlog_vehicle_silhouettes,manhattan,Busca Binaria 1,3.966051357033476,15.948578167866648,0.5305034721821437,0.6199164806616013,0.09813137347591212,0.5097324890587157,0.0011973074667992708
136,statlog_vehicle_silhouettes,manhattan,Busca Binaria 1,4.787605245643702,14.680794126086939,0.4913797819006528,0.6041135766856438,0.1457409650886821,0.40190146569336127,0.00135301405925017
137,statlog_vehicle_silhouettes,manhattan,Busca Binaria 1,6.242017025272855,13.597929457042625,0.4872496771245303,0.6267631853811791,0.13081502458060562,0.4710730560563242,0.0016083788697755974
138,statlog_vehicle_silhouettes,manhattan,Busca Binaria 2,1.9989976808377643,14.206391830557394,0.5349989034985805,0.5246808332388307,0.11899559199240689,0.12568196144435909,0.008648978585265945
139,statlog_vehicle_silhouettes,manhattan,Busca Binaria 2,19.76093001542557,13.164643493566533,0.5316042578552382,0.5136193484162592,0.06773523848222432,0.06414890549267382,0.1236268440297367
140,statlog_vehicle_silhouettes,manhattan,Busca Binaria 2,2.974882684637906,14.196595728660437,0.4986455403848265,0.5268187396173071,0.08472233520006944,0.08625074811959868,0.015716726630006457
141,statlog_vehicle_silhouettes,manhattan,Busca Binaria 2,4.175809166469257,13.917693901102727,0.5025790358427816,0.48818113169144844,0.06193780730858696,0.06240865066420538,0.019235516446942564
142,statlog_vehicle_silhouettes,manhattan,Busca Binaria 2,5.1213578767416665,14.199403997355299,0.5031840755666219,0.5159097555239455,0.09500011400774797,0.0894035961423069,0.029035261277610663
143,statlog_vehicle_silhouettes,manhattan,Busca Binaria 2,5.789960231598161,13.599533365783008,0.5083317895985948,0.5392459493854663,0.13942461539463957,0.1428328163345238,0.024582429137864854
144,raisin,euclidean,Busca Binaria 1,1.9200137116409537,7.321621030792384,0.29761963248337975,0.40303654743087486,0.24821495317634085,0.7203763442256608,0.004521306498823458
145,raisin,euclidean,Busca Binaria 1,19.67745318966445,6.362126381359297,0.3334808016308229,0.40199499186517507,0.28780831734103896,0.6435957317509168,0.03591540802963801
146,raisin,euclidean,Busca Binaria 1,3.0224914908901246,6.345881614590222,0.33297663221139967,0.40872143790759374,0.2819948158479516,0.656537015413442,0.007490264761690334
147,raisin,euclidean,Busca Binaria 1,4.1092915401272965,6.773999367519148,0.3454384688365428,0.42628112409190977,0.27921327026154025,0.6554557716399642,0.009151127918528967
148,raisin,euclidean,Busca Binaria 1,5.0629377236230315,6.2434831966947275,0.3018832476745503,0.40116257563860364,0.22447086834146926,0.6043545588340125,0.010154482826648941
149,raisin,euclidean,Busca Binaria 1,5.798975096174331,5.936672298526888,0.34691111220898674,0.3959361593505004,0.33827988027783246,0.689952334567684,0.010417943851960671
150,raisin,euclidean,Busca Binaria 2,1.985088967021024,7.0641909641148795,0.40117242530964653,0.37922881866667757,0.506723102692983,0.5212000439300932,0.09987832912141958
151,raisin,euclidean,Busca Binaria 2,20.126171706239234,6.0934316964228925,0.4009037281095458,0.40815349489817604,0.6346477253103298,0.6225113349690136,0.47232887845262334
152,raisin,euclidean,Busca Binaria 2,2.956926566653073,6.073716379628896,0.3968610028183733,0.3724636485717951,0.44349852218662184,0.4303198774121166,0.13389590856626343
153,raisin,euclidean,Busca Binaria 2,4.09812905727401,6.322389217061491,0.3824907726607049,0.41395830118335486,0.5993861686148833,0.6316758605509362,0.15684450836766725
154,raisin,euclidean,Busca Binaria 2,5.037759780423098,5.934381317630879,0.3878339518160286,0.38780510975810994,0.4938757939169642,0.49228449383924044,0.1542394294566221
155,raisin,euclidean,Busca Binaria 2,5.899236302068158,5.64312000605962,0.411955682405341,0.4038771138585014,0.63130665000947,0.6749314564876422,0.19251910780202583
156,raisin,manhattan,Busca Binaria 1,2.09277902693673,12.162011882336401,0.35162766781009447,0.44721663031249,0.3371004877979268,0.6600550755482542,0.004262746762343604
157,raisin,manhattan,Busca Binaria 1,20.364894126476916,12.398542936213776,0.40921266268052514,0.4649454016786275,0.4113495934078132,0.6964792978759807,0.02710506292023825
158,raisin,manhattan,Busca Binaria 1,3.0437842380471603,12.348955436013556,0.35538546572219065,0.44376294945468775,0.30100893089407504,0.6626381311458578,0.0057740980242720055
159,raisin,manhattan,Busca Binaria 1,4.053232438019592,12.888498905229453,0.397060542984807,0.4612065362082656,0.41363537296810005,0.7030089726509373,0.0069510573831674475
160,raisin,manhattan,Busca Binaria 1,5.2069602677065046,13.252283079983709,0.37503492969779956,0.4670641158785989,0.41577241257564485,0.7010527069538057,0.008234455175201697
161,raisin,manhattan,Busca Binaria 1,6.048046687742465,12.944086101225109,0.39672259178547975,0.4354889501272083,0.499800167700972,0.6746190277662233,0.009928702696977812
162,raisin,manhattan,Busca Binaria 2,2.0316536418731594,17.17931896449648,0.4294501891419818,0.4241870311253177,0.6313219614572684,0.6460962570870331,0.09171684686241034
163,raisin,manhattan,Busca Binaria 2,20.327785054508723,12.311717586450133,0.46965671749973037,0.46812758411090405,0.5857697215092021,0.5977303024481494,0.4920095844370319
164,raisin,manhattan,Busca Binaria 2,3.1445680271465593,13.955332608644575,0.4461754794523866,0.41235399688706886,0.6270986572383166,0.6358781373319229,0.09426643094307759
165,raisin,manhattan,Busca Binaria 2,4.0353963819519985,13.957341529899228,0.4597929737817707,0.42413409268227364,0.622981054448662,0.6670903380484247,0.1104721705266054
166,raisin,manhattan,Busca Binaria 2,4.853690467757088,12.796579468679635,0.44118586011025385,0.45962711758243274,0.610781083568557,0.5915350188009664,0.19193552800866848
167,raisin,manhattan,Busca Binaria 2,5.906472049529157,12.825791149802969,0.4375520769248628,0.43089433370225266,0.5820762000258877,0.5831246959253462,0.15986528756811524
168,abstenteeism_at_work,euclidean,Busca Binaria 1,1.983831394285641,9.90495960719136,0.2308229285106284,0.35791800482973185,0.07261396007793279,0.12747299307680432,0.026327012792160848
169,abstenteeism_at_work,euclidean,Busca Binaria 1,19.059527730787288,5.983952267509089,0.33131765833283283,0.42938402722712693,0.06444000937018672,0.10656877218900856,0.20744493079568185
170,abstenteeism_at_work,euclidean,Busca Binaria 1,3.0178666703218706,7.394596801899241,0.27552516130411203,0.42630608355638877,0.0574398525235413,0.12053028256980777,0.040172650142655884
171,abstenteeism_at_work,euclidean,Busca Binaria 1,3.902799109020209,7.598317277938136,0.3080091301625753,0.405356653384155,0.06588115715784912,0.12591304359409616,0.04457075880614227
172,abstenteeism_at_work,euclidean,Busca Binaria 1,4.885074453348319,5.954360355600917,0.3008113948343555,0.42575394759393426,0.061575838033520396,0.10501338872670128,0.05047266031623203
173,abstenteeism_at_work,euclidean,Busca Binaria 1,6.097114452724657,6.098152167350528,0.31289927379221133,0.4308057299799421,0.06766591965073868,0.12277378249586622,0.06041215194687548
174,abstenteeism_at_work,euclidean,Busca Binaria 2,2.0698140030917638,9.899634019344001,0.2416102109884771,0.2357489881562119,0.05003497525329121,0.049449974130895344,0.23527937293041254
175,abstenteeism_at_work,euclidean,Busca Binaria 2,20.964428949431312,5.538204712639071,0.39894748397752344,0.41796717487108526,0.07694855605940701,0.07511298512696703,0.7888128709118634
176,abstenteeism_at_work,euclidean,Busca Binaria 2,2.931901384689234,7.699531311171266,0.22597732083589395,0.2152200156734127,0.07928911931282617,0.079041380168207,0.25830182343994745
177,abstenteeism_at_work,euclidean,Busca Binaria 2,4.09868958589983,7.79508114308946,0.28814648883124483,0.2886774468180158,0.07858988018114334,0.08104222475215779,0.2515991085907546
178,abstenteeism_at_work,euclidean,Busca Binaria 2,4.787805064107579,6.424396163180031,0.3896066694263781,0.40140862516478226,0.09780252963959139,0.09219024084064313,0.4899576930733717
179,abstenteeism_at_work,euclidean,Busca Binaria 2,5.911406120628845,6.469370928189628,0.4028864630642865,0.394299846768423,0.07737584131857747,0.08066786365907205,0.4820146252238275
180,abstenteeism_at_work,manhattan,Busca Binaria 1,1.984687492562119,36.674169745995094,0.2438708765862544,0.4186952659375151,0.06095679444002001,0.12546608286636807,0.001912519706267653
181,abstenteeism_at_work,manhattan,Busca Binaria 1,19.546489627794845,20.5100580750619,0.3132160040947563,0.4432533728549225,0.07761533555092716,0.1263664979195133,0.011147399057338072
182,abstenteeism_at_work,manhattan,Busca Binaria 1,3.1028137669373477,25.462352986304843,0.27036236975180933,0.4039435261079706,0.0640060578677885,0.11077966574805796,0.0022380896244093623
183,abstenteeism_at_work,manhattan,Busca Binaria 1,4.189690326420807,22.201079678764977,0.3001066205740608,0.41950609350174783,0.07253751747256273,0.1265357146974592,0.002811577985278289
184,abstenteeism_at_work,manhattan,Busca Binaria 1,5.011857495001357,22.285067962462026,0.279431340090667,0.44313717919382556,0.06919704321912273,0.10906120801647524,0.0026792824714780366
185,abstenteeism_at_work,manhattan,Busca Binaria 1,6.1805692000343395,21.092905471154236,0.27295982380820416,0.47091738778501224,0.06694705817271454,0.11361311451750089,0.0032240190348964935
186,abstenteeism_at_work,manhattan,Busca Binaria 2,1.9145849012475487,34.69616607822208,0.2605634792420301,0.26033966601380093,0.06830459641260345,0.07123264137398974,0.014726427657868439
187,abstenteeism_at_work,manhattan,Busca Binaria 2,20.72073414921698,20.178477949658422,0.33758018162261544,0.32163300217044116,0.11214381214551654,0.11184982806617255,0.12311603137396374
188,abstenteeism_at_work,manhattan,Busca Binaria 2,3.1387253685165755,27.29736173308283,0.32349967598014817,0.31564120091011755,0.0954298534350286,0.09070353011336996,0.014922600960664225
189,abstenteeism_at_work,manhattan,Busca Binaria 2,4.13559975245611,22.220505692831644,0.32599447873766146,0.3265142746447332,0.07365057055419212,0.07344369754481968,0.015439142221906116
190,abstenteeism_at_work,manhattan,Busca Binaria 2,4.904339276271013,19.12378031203392,0.39292443055427906,0.40169528786634484,0.0969842833784612,0.099292845912966,0.018501666238640482
191,abstenteeism_at_work,manhattan,Busca Binaria 2,5.738754182831016,21.18816928760301,0.3665499223732909,0.3813804507916863,0.10256440625130965,0.10603756872251428,0.03229263001070429
192,rice_cammeo_and_osmancik,euclidean,Busca Binaria 1,1.9293892905083236,9.563893639060453,0.1464649995872387,0.3614072249593112,0.011214945841064703,0.048410473918209004,0.01627691155290904
193,rice_cammeo_and_osmancik,euclidean,Busca Binaria 1,19.901899594992944,8.523696118427717,0.17570967666196788,0.37033005228331645,0.004066582201234191,0.05694493254051842,0.11221533220564309
194,rice_cammeo_and_osmancik,euclidean,Busca Binaria 1,2.8650655194076045,9.659214596175865,0.13356337807795624,0.3183633979959023,0.015282545137428851,0.07749840908007816,0.015616847679865103
195,rice_cammeo_and_osmancik,euclidean,Busca Binaria 1,4.0826624781483005,8.450172569613189,0.1685082076704702,0.3292355801169115,0.015712702351754836,0.09379702583025437,0.02353775254966234
196,rice_cammeo_and_osmancik,euclidean,Busca Binaria 1,4.752631646965873,8.161232292966902,0.18291006075483757,0.4823258290948027,0.006407821600998018,0.06688952151726063,0.03002351049769326
197,rice_cammeo_and_osmancik,euclidean,Busca Binaria 1,6.261107037283422,8.625624634835997,0.20410284191681016,0.4507321561297023,0.009738652431726095,0.05897039951758535,0.03341623192117822
198,rice_cammeo_and_osmancik,euclidean,Busca Binaria 2,2.011720372539105,10.061982448153831,0.11348824553870433,0.10556450426150786,0.016279200708072664,0.017138530291547466,0.10871724377990408
199,rice_cammeo_and_osmancik,euclidean,Busca Binaria 2,19.91129097721086,8.165844800052419,0.23448351709634438,0.23021920600220594,0.006720845687454624,0.007036176685213659,1.7014339120304425
200,rice_cammeo_and_osmancik,euclidean,Busca Binaria 2,3.125659537689694,10.230749336596217,0.1209478922191034,0.13059614329926106,0.01936864482307603,0.01989048943798264,0.10399006726696347
201,rice_cammeo_and_osmancik,euclidean,Busca Binaria 2,4.195040839954053,8.716249186611961,0.2512504899364709,0.23986885973430647,0.002403743810175885,0.002438639116046308,0.22069311505830017
202,rice_cammeo_and_osmancik,euclidean,Busca Binaria 2,5.197805422877336,8.201953826881866,0.33449779182476685,0.3356448783253518,-0.0004265530510381064,-0.0004124074146814233,0.22992621327836646
203,rice_cammeo_and_osmancik,euclidean,Busca Binaria 2,6.283859104954426,9.306434868719148,0.15695197358129598,0.14325444879756194,-0.007436702301934354,-0.007174714943337296,0.4356834153219234
204,rice_cammeo_and_osmancik,manhattan,Busca Binaria 1,1.9080585855325878,25.191644542509017,0.10302015253357617,0.18234433603602443,0.022160114896027944,0.07488443280462809,0.013500138505763513
205,rice_cammeo_and_osmancik,manhattan,Busca Binaria 1,20.229900031610853,19.45569068385798,0.14468900946431673,0.28598018718596474,0.01098899704841087,0.04943240285583033,0.1047064008527334
206,rice_cammeo_and_osmancik,manhattan,Busca Binaria 1,2.9219253475314018,21.212611944269966,0.1382746816462959,0.25957689036376175,0.01208105992391085,0.06480698214687196,0.020611128315925632
207,rice_cammeo_and_osmancik,manhattan,Busca Binaria 1,3.8678244574814182,17.908873776428056,0.144310908379427,0.258192980240769,0.01573234840369057,0.05175173705412943,0.0228637678121957
208,rice_cammeo_and_osmancik,manhattan,Busca Binaria 1,5.201734934735988,17.6697616359245,0.13101878249717305,0.26676278373611056,0.01637764325877296,0.059199299083452256,0.02610402579831918
209,rice_cammeo_and_osmancik,manhattan,Busca Binaria 1,5.779010665530716,18.59903981785613,0.13883191592720603,0.24445609622160772,0.014592751344998026,0.042419510914042606,0.03204555448162598
210,rice_cammeo_and_osmancik,manhattan,Busca Binaria 2,2.051795943973118,25.87687287660321,0.16058309395140388,0.1679383592811363,0.03159457733631421,0.03389142056255836,0.11514003565227758
211,rice_cammeo_and_osmancik,manhattan,Busca Binaria 2,20.67153905010472,18.606596131271353,0.2691047566159597,0.2747859672607148,0.001670397113215669,0.0017326770987320167,1.8036385323237585
212,rice_cammeo_and_osmancik,manhattan,Busca Binaria 2,3.0030091928572644,21.122857358082545,0.08710903856164243,0.0931663097079372,0.019319572478737168,0.019418502178516348,0.1293460467616741
213,rice_cammeo_and_osmancik,manhattan,Busca Binaria 2,4.093577194367651,17.870014007600663,0.03501887983319298,0.035477968773378145,0.002011121678875271,0.001998436510537934,0.1930622858161628
214,rice_cammeo_and_osmancik,manhattan,Busca Binaria 2,5.162359376517077,17.7931980420269,0.18453233691950732,0.17653110346722026,0.01804707218932031,0.01871833434283952,0.19790984064546163
215,rice_cammeo_and_osmancik,manhattan,Busca Binaria 2,6.124831790080156,18.562395655821014,0.12988284672747583,0.1350153526152386,0.022960984915070343,0.02366554562389855,0.31587243604137755
216,blood_transfusion_service_center,euclidean,Busca Binaria 1,1.9826891765845027,5.91701199074035,0.14026939884852707,0.2047183000795228,0.07960489353523417,0.1757777817275401,0.07303932381951535
217,blood_transfusion_service_center,euclidean,Busca Binaria 1,19.22396569321286,4.749159686096245,0.16787736879920537,0.26501745199331855,0.08006081374125029,0.18610703634636386,0.5319031553784708
218,blood_transfusion_service_center,euclidean,Busca Binaria 1,2.9990769520801424,4.9445176633071,0.1519382643015164,0.2688287083164188,0.09179169072283329,0.2271769748293726,0.10940604625585924
219,blood_transfusion_service_center,euclidean,Busca Binaria 1,3.915861553677373,5.110543029690216,0.1702736220502576,0.25205318376280744,0.07549052957423007,0.16200092939140248,0.1345684418664076
220,blood_transfusion_service_center,euclidean,Busca Binaria 1,4.867537913593798,5.160937759056921,0.16759740253999417,0.2843198977270078,0.09977538895155036,0.23324088591177988,0.14849200263891357
221,blood_transfusion_service_center,euclidean,Busca Binaria 1,6.162637510466936,4.963102710893167,0.17466146528987656,0.2613418314878917,0.07309076531413387,0.18971338932754128,0.17928705435779718
222,blood_transfusion_service_center,euclidean,Busca Binaria 2,1.9262288667296228,6.00857935438388,0.1281377400996022,0.11785315720949947,0.08822958689161017,0.08237090459828796,0.5161137489750597
223,blood_transfusion_service_center,euclidean,Busca Binaria 2,20.769687109434372,4.731091836997371,0.23448072418872712,0.228001008482282,0.11877045856213676,0.11233668671327401,1.0437184900898226
224,blood_transfusion_service_center,euclidean,Busca Binaria 2,3.0847308721856157,5.053374673241044,0.21514230540554286,0.21997419561574774,0.09967056729228532,0.10357225028602222,0.5433595839648243
225,blood_transfusion_service_center,euclidean,Busca Binaria 2,3.9236985716181882,5.31414836372193,0.14621861081124649,0.14367574832664473,0.04819660300875323,0.050058598648197096,0.5643133524501478
226,blood_transfusion_service_center,euclidean,Busca Binaria 2,5.025427359638389,4.8434464510945885,0.2200224183467054,0.20871950356369096,0.10599579671718586,0.10552787932508448,0.6118355184931088
227,blood_transfusion_service_center,euclidean,Busca Binaria 2,5.740516383653139,5.001004467727603,0.23288214804859372,0.24538526191922996,0.09149200579026841,0.08730777084830053,0.5706092585522381
228,blood_transfusion_service_center,manhattan,Busca Binaria 1,1.921887087192938,9.067762015007371,0.12175889993992178,0.2212971724866937,0.08899235699019528,0.14987132164754888,0.003287239809070153
229,blood_transfusion_service_center,manhattan,Busca Binaria 1,19.871944787597503,9.636786689552892,0.15258195676925487,0.2214078462349125,0.08435018079299678,0.17513403745437153,0.024622187752351775
230,blood_transfusion_service_center,manhattan,Busca Binaria 1,2.9313747968058355,9.849405852853794,0.12683341941311477,0.22146905242466755,0.08261193116918182,0.20342179204325048,0.004069047406379772
231,blood_transfusion_service_center,manhattan,Busca Binaria 1,4.107571048411513,9.83010104071221,0.1308734214225879,0.203557440040373,0.0917647647450875,0.18420026366759612,0.004379710718342261
232,blood_transfusion_service_center,manhattan,Busca Binaria 1,4.770795199669551,9.453836215172586,0.14400932908411257,0.26468138493441684,0.07496229175978014,0.19987814825701553,0.005422296697709357
233,blood_transfusion_service_center,manhattan,Busca Binaria 1,6.143752297246699,9.408413418204997,0.15009225965992745,0.2347218721120505,0.08296043980244025,0.16074774479885498,0.006770023880322393
234,blood_transfusion_service_center,manhattan,Busca Binaria 2,1.9772272288706858,9.130749249451732,0.2178480839576171,0.22147840220549905,0.10827978293645664,0.11422515368747381,0.04233488202640363
235,blood_transfusion_service_center,manhattan,Busca Binaria 2,19.16014153523472,9.218439385344292,0.1604586119674003,0.1650123909187322,0.04878328936291943,0.04921325838364574,0.33427156476423403
236,blood_transfusion_service_center,manhattan,Busca Binaria 2,2.9399140766567333,9.89112727016941,0.17523045041659685,0.17395624289757197,0.08064112751746763,0.08620622219756519,0.07923766287038761
237,blood_transfusion_service_center,manhattan,Busca Binaria 2,4.0022830563824945,9.240345070505438,0.15139694601178696,0.15136630362819298,0.16542416858953454,0.16705834471081968,0.10274104582533884
238,blood_transfusion_service_center,manhattan,Busca Binaria 2,4.915245853366788,9.243810660492867,0.11517504466217592,0.1127731984071564,0.07524250612330158,0.07109106189152664,0.10495837645764002
239,blood_transfusion_service_center,manhattan,Busca Binaria 2,5.747312316533214,9.589251846124133,0.26003926556063955,0.23647683092157473,0.08939216014527976,0.08537226252345344,0.11620933029984187
